{"cameraMode":{"drawMode":0,"name":"Shaded","section":"Shading Mode"},"sceneLighting":true,"audioPlay":false,"sceneViewState":{"m_AlwaysRefresh":false,"showFog":true,"showSkybox":true,"showFlares":true,"showImageEffects":true,"showParticleSystems":true,"showVisualEffectGraphs":true,"m_FxEnabled":true},"in2DMode":false,"pivot":{"x":1.8271961212158204,"y":-8.884038925170899,"z":13.153165817260743},"rotation":{"x":-0.34345123171806338,"y":-0.21212434768676759,"z":0.07973393052816391,"w":-0.9114800691604614},"size":12.669951438903809,"orthographic":false}